,name,Rank,Month,Year,Hours_watched,Hours_Streamed,Peak_viewers,Peak_channels,Streamers,Avg_viewers,Avg_channels,Avg_viewer_ratio,firstReleaseDate,topCriticScore
0,Animal Crossing: New Horizons,8,03,2020,30832827,455308,244171,4403,40068,41497,612,67.72,2020-03-20,90
1,Animal Crossing: New Horizons,15,04,2020,22494164,519504,130992,1759,38121,31285,722,43.3,2020-03-20,90
2,Animal Crossing: New Horizons,24,05,2020,10150782,306001,58370,862,25999,13661,411,33.17,2020-03-20,90
3,Animal Crossing: New Horizons,41,06,2020,4530366,169253,24104,541,17257,6300,235,26.77,2020-03-20,90
4,Animal Crossing: New Horizons,52,07,2020,3878213,156666,43056,681,16671,5219,210,24.75,2020-03-20,90
5,Animal Crossing: New Horizons,74,08,2020,2236186,109126,16121,429,12106,3009,146,20.49,2020-03-20,90
6,Animal Crossing: New Horizons,81,09,2020,1742818,86404,13635,338,10010,2423,120,20.17,2020-03-20,90
7,Animal Crossing: New Horizons,74,10,2020,2293166,101095,26031,481,12448,3086,136,22.68,2020-03-20,90
8,Animal Crossing: New Horizons,77,11,2020,2160767,92073,28416,534,11072,3005,128,23.47,2020-03-20,90
9,Animal Crossing: New Horizons,71,12,2020,2586079,107247,38420,337,13072,3480,144,24.11,2020-03-20,90
10,Animal Crossing: New Horizons,74,01,2021,2467615,109758,17645,527,12818,3321,147,22.48,2020-03-20,90
11,Animal Crossing: New Horizons,79,02,2021,2307963,100548,34340,405,12147,3439,149,22.95,2020-03-20,90
12,Animal Crossing: New Horizons,68,03,2021,3229642,132563,14763,361,15316,4346,178,24.36,2020-03-20,90
13,Animal Crossing: New Horizons,80,04,2021,2770857,111565,34398,289,13040,3853,155,24.84,2020-03-20,90
14,Animal Crossing: New Horizons,102,05,2021,2009361,88544,35431,214,10123,2704,119,22.69,2020-03-20,90
15,Animal Crossing: New Horizons,110,06,2021,1552730,69737,22457,192,8090,2159,96,22.27,2020-03-20,90
16,Animal Crossing: New Horizons,139,07,2021,1243073,62299,7160,158,7032,1673,83,19.95,2020-03-20,90
17,Animal Crossing: New Horizons,139,08,2021,1206544,62015,5866,140,6718,1623,83,19.46,2020-03-20,90
18,Animal Crossing: New Horizons,137,09,2021,1193858,58823,15280,143,6183,1660,81,20.3,2020-03-20,90
19,Astral Chain,128,08,2019,467780,10554,30811,391,2092,629,14,44.32,2019-08-30,87
20,Astral Chain,81,09,2019,875207,31579,28180,240,3352,1217,43,27.71,2019-08-30,87
21,Celeste,74,02,2018,708705,20863,30194,98,3212,1056,31,33.97,2018-01-25,92
22,Celeste,130,03,2018,331898,12945,6524,51,2143,446,17,25.64,2018-01-25,92
23,Celeste,157,04,2018,298679,8569,10599,31,1490,415,11,34.86,2018-01-25,92
24,Celeste,176,07,2018,305307,11888,16584,40,1832,410,16,25.68,2018-01-25,92
25,Celeste,115,01,2019,706278,22740,170522,84,5016,950,30,31.06,2018-01-25,92
26,Celeste,197,02,2019,223978,11618,15785,46,2294,333,17,19.28,2018-01-25,92
27,Celeste,139,09,2019,415069,32004,21818,222,6406,577,44,12.97,2018-01-25,92
28,Celeste,192,12,2019,289854,14029,5445,57,2997,390,18,20.66,2018-01-25,92
29,Crusader Kings III,27,09,2020,7873053,102886,64778,803,8814,10950,143,76.52,2020-09-01,90
30,Crusader Kings III,138,10,2020,902347,31995,31883,135,2995,1214,43,28.2,2020-09-01,90
31,Cuphead,37,09,2017,1605347,21352,106835,900,8153,2232,29,75.18,2017-09-29,88
32,Cuphead,16,10,2017,6455811,175435,73764,808,46329,8688,236,36.8,2017-09-29,88
33,Cuphead,90,11,2017,618643,40760,10776,174,13488,860,56,15.18,2017-09-29,88
34,Cuphead,119,12,2017,375553,28732,10750,97,10501,505,38,13.07,2017-09-29,88
35,Cuphead,154,01,2018,286296,26583,8138,87,8844,385,35,10.77,2017-09-29,88
36,Cuphead,160,06,2018,340772,11511,179901,51,4486,473,16,29.6,2017-09-29,88
37,Cuphead,186,07,2018,281690,13779,13372,43,4657,379,18,20.44,2017-09-29,88
38,Cuphead,116,01,2019,679669,10156,184477,40,3504,914,13,66.92,2017-09-29,88
39,Cuphead,166,02,2020,438929,10223,25564,40,3256,631,14,42.94,2017-09-29,88
40,Cuphead,196,08,2020,514856,43208,12690,165,8801,692,58,11.92,2017-09-29,88
41,Cuphead,132,12,2020,1056322,37553,88216,119,8998,1421,50,28.13,2017-09-29,88
42,Cuphead,186,01,2021,644974,42554,132109,119,9828,868,57,15.16,2017-09-29,88
43,Cuphead,197,02,2021,614312,32868,18368,114,7997,915,48,18.69,2017-09-29,88
44,Cuphead,196,04,2021,795329,31721,90364,98,7795,1106,44,25.07,2017-09-29,88
45,DOOM Eternal,23,03,2020,10275689,332177,140962,4196,48508,13829,447,30.93,2020-03-20,89
46,DOOM Eternal,64,04,2020,2197924,149598,37518,697,22026,3056,208,14.69,2020-03-20,89
47,DOOM Eternal,143,05,2020,928866,64344,17405,193,8837,1250,86,14.44,2020-03-20,89
48,DOOM Eternal,137,06,2020,795233,37248,19861,117,5512,1106,51,21.35,2020-03-20,89
49,DOOM Eternal,178,07,2020,625897,40726,139759,120,5832,842,54,15.37,2020-03-20,89
50,DOOM Eternal,193,08,2020,523174,42849,85152,129,5981,704,57,12.21,2020-03-20,89
51,DOOM Eternal,102,10,2020,1355308,97386,30435,642,14632,1824,131,13.92,2020-03-20,89
52,DOOM Eternal,124,03,2021,1548785,77391,31258,644,11917,2084,104,20.01,2020-03-20,89
53,Dark Souls III,11,03,2016,5597403,46336,121710,545,4293,7533,62,120.8,2016-04-12,90
54,Dark Souls III,5,04,2016,17979317,749702,103991,3238,94233,25006,1042,23.98,2016-04-12,90
55,Dark Souls III,8,05,2016,7436193,393112,35278,1576,60299,10008,529,18.92,2016-04-12,90
56,Dark Souls III,30,06,2016,2198877,149879,30559,413,25117,3058,208,14.67,2016-04-12,90
57,Dark Souls III,38,07,2016,1401228,103510,12132,248,19009,1885,139,13.54,2016-04-12,90
58,Dark Souls III,48,08,2016,805250,84652,7977,209,15281,1083,113,9.51,2016-04-12,90
59,Dark Souls III,37,09,2016,1066973,80717,10488,196,15453,1483,112,13.22,2016-04-12,90
60,Dark Souls III,20,10,2016,3346006,128053,63452,1061,22431,4503,172,26.13,2016-04-12,90
61,Dark Souls III,31,11,2016,2454908,95641,19471,274,15075,3414,133,25.67,2016-04-12,90
62,Dark Souls III,42,12,2016,1460530,73218,19520,184,3195,1965,98,19.95,2016-04-12,90
63,Dark Souls III,33,01,2017,2335640,97695,271174,232,18173,3143,131,23.91,2016-04-12,90
64,Dark Souls III,46,02,2017,1079802,76025,15501,230,14007,1609,113,14.2,2016-04-12,90
65,Dark Souls III,27,03,2017,3456402,130920,96954,1109,19036,4651,176,26.4,2016-04-12,90
66,Dark Souls III,24,04,2017,3828075,174943,23436,584,22938,5324,243,21.88,2016-04-12,90
67,Dark Souls III,37,05,2017,1634662,108052,9105,242,18737,2200,145,15.13,2016-04-12,90
68,Dark Souls III,60,06,2017,899746,76837,36119,189,14537,1251,106,11.71,2016-04-12,90
69,Dark Souls III,50,07,2017,1362025,91377,199098,203,15838,1833,122,14.91,2016-04-12,90
70,Dark Souls III,44,08,2017,1315225,74965,25436,177,12989,1770,100,17.54,2016-04-12,90
71,Dark Souls III,44,09,2017,1241888,67118,17419,157,11739,1727,93,18.5,2016-04-12,90
72,Dark Souls III,70,10,2017,784912,59205,6831,144,10697,1056,79,13.26,2016-04-12,90
73,Dark Souls III,62,11,2017,867571,58074,5970,150,10391,1206,80,14.94,2016-04-12,90
74,Dark Souls III,43,12,2017,1861196,80142,34299,224,14195,2504,107,23.22,2016-04-12,90
75,Dark Souls III,38,01,2018,2405618,126343,202405,302,20584,3237,170,19.04,2016-04-12,90
76,Dark Souls III,40,02,2018,1824727,104108,16511,276,17532,2719,155,17.53,2016-04-12,90
77,Dark Souls III,47,03,2018,1609331,103532,15677,240,17020,2165,139,15.54,2016-04-12,90
78,Dark Souls III,50,04,2018,1384005,89240,12238,221,14469,1924,124,15.51,2016-04-12,90
79,Dark Souls III,62,05,2018,1298014,83423,18369,184,14232,1746,112,15.56,2016-04-12,90
80,Dark Souls III,66,06,2018,1157923,85413,12258,217,14978,1610,118,13.56,2016-04-12,90
81,Dark Souls III,48,07,2018,1801275,96853,17686,200,15437,2424,130,18.6,2016-04-12,90
82,Dark Souls III,75,08,2018,979738,70638,10996,186,11870,1318,95,13.87,2016-04-12,90
83,Dark Souls III,74,09,2018,800375,57852,9922,138,9613,1113,80,13.83,2016-04-12,90
84,Dark Souls III,84,10,2018,917108,60455,81245,149,10002,1234,81,15.17,2016-04-12,90
85,Dark Souls III,68,11,2018,1156604,68582,16759,173,10921,1608,95,16.86,2016-04-12,90
86,Dark Souls III,55,12,2018,2031894,81202,35766,236,13052,2734,109,25.02,2016-04-12,90
87,Dark Souls III,36,01,2019,3544460,130316,275893,311,18228,4770,175,27.2,2016-04-12,90
88,Dark Souls III,54,02,2019,1540110,86025,18803,222,12825,2295,128,17.9,2016-04-12,90
89,Dark Souls III,58,03,2019,1632070,94156,20700,229,14322,2196,126,17.33,2016-04-12,90
90,Dark Souls III,86,04,2019,906852,69462,7151,181,11502,1261,96,13.06,2016-04-12,90
91,Dark Souls III,81,05,2019,1028560,74361,7540,174,11009,1384,100,13.83,2016-04-12,90
92,Dark Souls III,86,06,2019,991140,70121,6085,178,10860,1378,97,14.13,2016-04-12,90
93,Dark Souls III,74,07,2019,944328,73566,5770,164,10845,1270,99,12.84,2016-04-12,90
94,Dark Souls III,76,08,2019,980870,70139,5214,166,10061,1320,94,13.98,2016-04-12,90
95,Dark Souls III,89,09,2019,777388,58792,14902,153,8692,1081,81,13.22,2016-04-12,90
96,Dark Souls III,68,10,2019,1124801,55648,10267,136,7739,1513,74,20.21,2016-04-12,90
97,Dark Souls III,108,11,2019,640333,58919,4237,137,8376,890,81,10.87,2016-04-12,90
98,Dark Souls III,81,12,2019,1117965,73875,17809,194,10795,1504,99,15.13,2016-04-12,90
99,Dark Souls III,59,01,2020,2105831,95083,13970,221,13231,2834,127,22.15,2016-04-12,90
100,Dark Souls III,47,02,2020,2438142,89677,14657,229,11805,3508,129,27.19,2016-04-12,90
101,Dark Souls III,74,03,2020,1462174,97795,10748,236,13021,1967,131,14.95,2016-04-12,90
102,Dark Souls III,58,04,2020,2596554,140545,47194,383,15631,3611,195,18.47,2016-04-12,90
103,Dark Souls III,44,05,2020,4305343,185872,43941,421,18693,5794,250,23.16,2016-04-12,90
104,Dark Souls III,51,06,2020,2939929,153732,25730,364,17122,4088,213,19.12,2016-04-12,90
105,Dark Souls III,48,07,2020,4315695,183516,26973,415,19717,5808,246,23.52,2016-04-12,90
106,Dark Souls III,73,08,2020,2240058,151980,18612,345,16455,3014,204,14.74,2016-04-12,90
107,Dark Souls III,74,09,2020,2024159,130075,22247,293,14405,2815,180,15.56,2016-04-12,90
108,Dark Souls III,90,10,2020,1559004,116098,21843,280,12750,2098,156,13.43,2016-04-12,90
109,Dark Souls III,86,11,2020,1851380,152333,10893,482,18418,2574,211,12.15,2016-04-12,90
110,Dark Souls III,87,12,2020,1922373,175104,12053,467,20488,2587,235,10.98,2016-04-12,90
111,Dark Souls III,70,01,2021,2655310,189975,26659,430,20894,3573,255,13.98,2016-04-12,90
112,Dark Souls III,75,02,2021,2551855,156640,37626,433,18014,3803,233,16.29,2016-04-12,90
113,Dark Souls III,74,03,2021,3040241,164754,29335,405,18464,4091,221,18.45,2016-04-12,90
114,Dark Souls III,65,04,2021,3662459,179386,68123,457,19765,5093,249,20.42,2016-04-12,90
115,Dark Souls III,95,05,2021,2245392,155477,12658,389,17164,3022,209,14.44,2016-04-12,90
116,Dark Souls III,72,06,2021,2924786,160698,44536,427,18490,4067,223,18.2,2016-04-12,90
117,Dark Souls III,64,07,2021,3248563,183876,124687,413,20216,4372,247,17.67,2016-04-12,90
118,Dark Souls III,91,08,2021,2649535,173686,31489,399,18286,3565,233,15.25,2016-04-12,90
119,Dark Souls III,77,09,2021,2790017,139498,18742,329,15194,3880,194,20,2016-04-12,90
120,Dead Cells,42,05,2017,1384590,29167,64823,122,6309,1863,39,47.47,2018-08-07,89
121,Dead Cells,115,06,2017,303606,16746,7082,57,4553,422,23,18.13,2018-08-07,89
122,Dead Cells,194,12,2017,169975,7253,10321,37,2192,228,9,23.44,2018-08-07,89
123,Dead Cells,187,01,2018,240821,10988,5699,37,2842,324,14,21.92,2018-08-07,89
124,Dead Cells,172,04,2018,231661,7126,25941,25,1826,322,9,32.51,2018-08-07,89
125,Dead Cells,199,05,2018,198121,7762,7880,28,2109,266,10,25.52,2018-08-07,89
126,Dead Cells,194,07,2018,258311,10017,8588,32,2571,347,13,25.79,2018-08-07,89
127,Dead Cells,41,08,2018,2448849,70860,42483,342,14910,3295,95,34.56,2018-08-07,89
128,Dead Cells,89,09,2018,689117,26113,18814,111,6290,958,36,26.39,2018-08-07,89
129,Dead Cells,177,10,2018,268224,14985,6019,51,3944,361,20,17.9,2018-08-07,89
130,Dead Cells,143,02,2019,408257,10479,5976,35,2636,608,15,38.96,2018-08-07,89
131,Dead Cells,186,09,2019,259458,10674,52144,40,2877,360,14,24.31,2018-08-07,89
132,Dead Cells,153,02,2020,492580,20617,19229,109,4770,708,29,23.89,2018-08-07,89
133,Death's Door,123,07,2021,1350342,28499,54916,287,4463,1817,38,47.38,2021-07-20,88
134,Devil May Cry 5,22,03,2019,6436745,252934,140428,2636,37492,8663,340,25.45,2019-03-08,88
135,Devil May Cry 5,171,04,2019,326924,41651,15507,212,9700,454,57,7.85,2019-03-08,88
136,Devil May Cry 5,170,01,2020,415479,13116,144037,40,3208,559,17,31.68,2019-03-08,88
137,Disco Elysium,136,10,2019,441111,4514,25405,46,839,593,6,97.72,2019-10-15,92
138,Dreams,106,02,2020,761420,15707,43582,95,2835,1095,22,48.48,2020-02-14,90
139,Final Fantasy VII Remake,125,03,2020,765522,15310,41764,497,8967,1030,20,50,2020-04-10,88
140,Final Fantasy VII Remake,13,04,2020,23588747,1087372,229292,9298,54928,32807,1512,21.69,2020-04-10,88
141,Final Fantasy VII Remake,55,05,2020,3277899,269238,42902,1059,19541,4411,362,12.17,2020-04-10,88
142,Final Fantasy VII Remake,138,06,2020,787568,85530,13005,264,7464,1095,118,9.21,2020-04-10,88
143,Final Fantasy VII Remake,157,08,2020,728497,45514,83031,116,4175,980,61,16.01,2020-04-10,88
144,Final Fantasy VII Remake,96,06,2021,1934687,104178,26981,816,10009,2690,144,18.57,2020-04-10,88
145,Fire Emblem: Three Houses,43,07,2019,2657380,52512,34642,833,5109,3576,70,50.61,2019-07-26,89
146,Fire Emblem: Three Houses,32,08,2019,3540938,103810,25207,398,5755,4765,139,34.11,2019-07-26,89
147,Fire Emblem: Three Houses,156,09,2019,360841,31614,2557,106,2463,501,43,11.41,2019-07-26,89
148,Fire Emblem: Three Houses,196,01,2020,356950,12720,131393,51,1327,480,17,28.06,2019-07-26,89
149,Forza Horizon 3,46,09,2016,765508,37807,37343,430,9505,1064,52,20.25,2016-09-27,91
150,Forza Horizon 3,91,10,2016,329762,50930,4198,248,12159,443,68,6.47,2016-09-27,91
151,Forza Horizon 3,192,11,2016,114320,24969,2576,86,5803,158,34,4.58,2016-09-27,91
152,Forza Horizon 3,156,12,2016,181384,32055,30563,149,1517,244,43,5.66,2016-09-27,91
153,Forza Horizon 3,117,05,2017,312932,23571,43679,214,6696,421,31,13.28,2016-09-27,91
154,Forza Horizon 4,67,09,2018,923392,25461,36376,468,6885,1284,35,36.27,2018-10-02,92
155,Forza Horizon 4,55,10,2018,1498025,121340,20354,654,23973,2016,163,12.35,2018-10-02,92
156,Forza Horizon 4,187,11,2018,247375,35678,5835,128,9170,344,49,6.93,2018-10-02,92
157,Forza Horizon 4,199,01,2019,324687,44040,27536,137,11048,436,59,7.37,2018-10-02,92
158,Forza Horizon 4,200,04,2019,259660,31901,9391,106,8243,361,44,8.14,2018-10-02,92
159,Forza Horizon 4,155,06,2019,424631,40614,25576,392,10481,590,56,10.46,2018-10-02,92
160,Forza Horizon 4,128,12,2019,569372,35690,24416,161,9757,766,48,15.95,2018-10-02,92
161,Forza Horizon 4,193,03,2020,410303,38751,20946,149,8906,552,52,10.59,2018-10-02,92
162,Forza Horizon 4,178,04,2020,547869,56424,18451,189,9101,761,78,9.71,2018-10-02,92
163,Forza Horizon 4,157,05,2020,774026,64369,40152,186,10086,1041,86,12.02,2018-10-02,92
164,Forza Horizon 4,200,11,2020,539775,79944,25448,232,12391,750,111,6.75,2018-10-02,92
165,Forza Horizon 4,195,12,2020,542922,88397,6592,241,14010,730,118,6.14,2018-10-02,92
166,Forza Horizon 4,199,01,2021,565573,104530,28294,300,16710,761,140,5.41,2018-10-02,92
167,Forza Horizon 4,189,02,2021,649739,93975,17861,281,15359,968,140,6.91,2018-10-02,92
168,Forza Horizon 4,168,03,2021,1020514,109747,32832,350,17902,1373,147,9.3,2018-10-02,92
169,Forza Horizon 4,144,04,2021,1243281,105621,32793,313,17417,1729,146,11.77,2018-10-02,92
170,Forza Horizon 4,189,05,2021,848076,89976,27233,276,14569,1141,121,9.43,2018-10-02,92
171,Forza Horizon 4,151,06,2021,932089,93013,26479,256,15741,1296,129,10.02,2018-10-02,92
172,Forza Horizon 4,186,07,2021,782995,95859,11728,283,16056,1053,129,8.17,2018-10-02,92
173,God of War,9,04,2018,20301689,542900,292083,5006,67022,28236,755,37.39,2018-04-20,94
174,God of War,26,05,2018,3877861,287423,31601,1415,42225,5219,386,13.49,2018-04-20,94
175,God of War,114,06,2018,531731,84858,9939,236,14924,739,118,6.27,2018-04-20,94
176,God of War,107,07,2018,659837,53996,18882,159,10190,888,72,12.22,2018-04-20,94
177,God of War,138,08,2018,375077,58037,5248,247,10708,504,78,6.46,2018-04-20,94
178,God of War,145,09,2018,383269,39495,6801,140,7422,533,54,9.7,2018-04-20,94
179,God of War,195,12,2018,279751,45242,2252,132,8167,376,60,6.18,2018-04-20,94
180,God of War,120,01,2019,654463,53375,12581,152,8292,880,71,12.26,2018-04-20,94
181,God of War,143,05,2019,486827,28735,9732,81,4879,655,38,16.94,2018-04-20,94
182,God of War,171,07,2019,325657,21026,5902,61,3285,438,28,15.49,2018-04-20,94
183,God of War,135,08,2019,461676,21201,16329,60,3256,621,28,21.78,2018-04-20,94
184,God of War,161,10,2019,381526,21415,20686,63,3397,513,28,17.82,2018-04-20,94
185,God of War,150,11,2019,365718,23079,17504,84,3971,508,32,15.85,2018-04-20,94
186,God of War,83,12,2019,1108052,33208,16694,88,5312,1491,44,33.37,2018-04-20,94
187,God of War,142,01,2020,579823,34848,29109,104,5193,780,46,16.64,2018-04-20,94
188,God of War,152,02,2020,493450,26861,8571,76,3919,710,38,18.37,2018-04-20,94
189,God of War,174,03,2020,475455,34938,9379,120,5297,639,47,13.61,2018-04-20,94
190,God of War,91,05,2020,1773840,66261,56292,161,6279,2387,89,26.77,2018-04-20,94
191,God of War,153,06,2020,672953,57473,13147,154,5812,935,79,11.71,2018-04-20,94
192,God of War,169,07,2020,692268,52732,17248,132,5168,931,70,13.13,2018-04-20,94
193,God of War,193,12,2020,544045,73195,11218,212,8271,732,98,7.43,2018-04-20,94
194,God of War,193,04,2021,817609,60880,20767,161,6858,1137,84,13.43,2018-04-20,94
195,God of War,87,07,2021,2229861,68241,58226,179,7277,3001,91,32.68,2018-04-20,94
196,God of War,159,09,2021,920005,93759,12653,275,10031,1279,130,9.81,2018-04-20,94
197,Hades,106,12,2018,641144,6988,37737,40,1516,862,9,91.75,2020-09-17,94
198,Hades,115,12,2019,653636,14483,16365,58,2500,879,19,45.13,2020-09-17,94
199,Hades,65,01,2020,1734396,27481,35544,99,4121,2334,36,63.11,2020-09-17,94
200,Hades,190,02,2020,362505,14272,7441,56,2285,521,20,25.4,2020-09-17,94
201,Hades,39,09,2020,5516251,93292,57365,512,13036,7672,129,59.13,2020-09-17,94
202,Hades,40,10,2020,5071822,158810,43308,406,19661,6826,213,31.94,2020-09-17,94
203,Hades,54,11,2020,3456391,137448,23916,419,19081,4807,191,25.15,2020-09-17,94
204,Hades,76,12,2020,2364714,128707,74738,384,19608,3182,173,18.37,2020-09-17,94
205,Hades,84,01,2021,2359831,147655,125095,447,21202,3176,198,15.98,2020-09-17,94
206,Hades,154,02,2021,928825,82026,13691,293,12981,1384,122,11.32,2020-09-17,94
207,Hades,198,03,2021,782541,74412,8254,229,11850,1053,100,10.52,2020-09-17,94
208,Hades,197,04,2021,794472,52755,36447,152,8663,1104,73,15.06,2020-09-17,94
209,Hades,117,08,2021,1606051,122032,69311,551,18247,2161,164,13.16,2020-09-17,94
210,Hades,126,09,2021,1323367,85469,30944,288,12949,1840,118,15.48,2020-09-17,94
211,Half-Life: Alyx,32,03,2020,4770477,60071,303620,2399,11019,6420,80,79.41,2020-03-23,93
212,Half-Life: Alyx,189,04,2020,491862,27024,23027,160,5320,684,37,18.2,2020-03-23,93
213,Hollow Knight,107,02,2017,351048,6216,38363,104,821,523,9,56.47,2017-02-24,90
214,Hollow Knight,65,03,2017,768737,20027,15212,72,2171,1034,26,38.39,2017-02-24,90
215,Hollow Knight,176,04,2017,145808,8177,5300,33,1084,202,11,17.83,2017-02-24,90
216,Hollow Knight,132,05,2017,253559,9403,4650,32,1514,341,12,26.97,2017-02-24,90
217,Hollow Knight,104,07,2017,457604,20690,150578,76,3236,615,27,22.12,2017-02-24,90
218,Hollow Knight,169,08,2017,203735,16479,6591,59,2664,274,22,12.36,2017-02-24,90
219,Hollow Knight,162,12,2017,230876,13404,4452,52,2360,310,18,17.22,2017-02-24,90
220,Hollow Knight,142,01,2018,319384,20031,177178,58,3118,429,26,15.94,2017-02-24,90
221,Hollow Knight,142,04,2018,338349,16722,10957,54,2545,470,23,20.23,2017-02-24,90
222,Hollow Knight,135,07,2018,456685,27448,11241,81,4225,614,36,16.64,2017-02-24,90
223,Hollow Knight,135,08,2018,389684,29790,4865,146,4684,524,40,13.08,2017-02-24,90
224,Hollow Knight,108,09,2018,532423,30992,8237,109,4649,740,43,17.18,2017-02-24,90
225,Hollow Knight,166,10,2018,291889,31458,10278,86,4668,392,42,9.28,2017-02-24,90
226,Hollow Knight,184,11,2018,249428,26895,6140,87,4324,346,37,9.27,2017-02-24,90
227,Hollow Knight,199,12,2018,270825,24664,7865,71,4166,364,33,10.98,2017-02-24,90
228,Hollow Knight,108,01,2019,763735,33989,158040,88,5107,1027,45,22.47,2017-02-24,90
229,Hollow Knight,103,02,2019,641536,33076,14935,121,5006,956,49,19.4,2017-02-24,90
230,Hollow Knight,148,03,2019,428062,36036,6665,116,5044,576,48,11.88,2017-02-24,90
231,Hollow Knight,126,04,2019,553956,26868,10059,76,3786,770,37,20.62,2017-02-24,90
232,Hollow Knight,149,07,2019,411005,35871,6029,93,5228,553,48,11.46,2017-02-24,90
233,Hollow Knight,196,08,2019,273210,29697,3380,75,4207,367,39,9.2,2017-02-24,90
234,Hollow Knight,196,12,2019,282292,25529,7832,78,4056,379,34,11.06,2017-02-24,90
235,Hollow Knight,119,01,2020,713870,34711,15403,89,4958,960,46,20.57,2017-02-24,90
236,Hollow Knight,146,02,2020,512460,32879,11422,94,4443,737,47,15.59,2017-02-24,90
237,Hollow Knight,164,03,2020,513075,38399,12231,112,5450,690,51,13.36,2017-02-24,90
238,Hollow Knight,139,05,2020,954321,57738,8384,144,6259,1284,77,16.53,2017-02-24,90
239,Hollow Knight,175,06,2020,593692,52941,6036,142,6250,825,73,11.21,2017-02-24,90
240,Hollow Knight,166,07,2020,711918,62439,6799,154,7114,958,84,11.4,2017-02-24,90
241,Hollow Knight,171,08,2020,654341,60091,95667,147,7149,880,80,10.89,2017-02-24,90
242,Hollow Knight,117,09,2020,1134590,57077,37304,154,6915,1578,79,19.88,2017-02-24,90
243,Hollow Knight,193,10,2020,566788,52852,21166,145,6574,762,71,10.72,2017-02-24,90
244,Hollow Knight,156,11,2020,800853,139622,14176,392,17671,1113,194,5.74,2017-02-24,90
245,Hollow Knight,135,12,2020,1018361,106854,25159,291,13017,1370,143,9.53,2017-02-24,90
246,Hollow Knight,126,01,2021,1235736,117767,7507,294,13886,1663,158,10.49,2017-02-24,90
247,Hollow Knight,161,02,2021,847552,97617,8155,262,12087,1263,145,8.68,2017-02-24,90
248,Hollow Knight,125,03,2021,1532720,102956,24404,264,11996,2062,138,14.89,2017-02-24,90
249,Hollow Knight,148,04,2021,1175037,85114,19766,238,10681,1634,118,13.81,2017-02-24,90
250,Hollow Knight,158,05,2021,1042943,78627,8855,208,9828,1403,105,13.26,2017-02-24,90
251,Hollow Knight,131,06,2021,1245065,79561,9750,222,10279,1731,110,15.65,2017-02-24,90
252,Hollow Knight,136,07,2021,1277041,94395,15354,247,11902,1718,127,13.53,2017-02-24,90
253,Hollow Knight,158,08,2021,1026305,92229,60266,237,11550,1381,124,11.13,2017-02-24,90
254,Hollow Knight,136,09,2021,1219729,80915,17303,219,10106,1696,112,15.07,2017-02-24,90
255,Horizon Zero Dawn,31,02,2017,2314705,10846,143742,732,5721,3449,16,213.42,2017-02-28,89
256,Horizon Zero Dawn,15,03,2017,5787219,122046,108478,880,39390,7788,164,47.42,2017-02-28,89
257,Horizon Zero Dawn,115,04,2017,304331,18725,14768,67,7822,423,26,16.25,2017-02-28,89
258,Horizon Zero Dawn,193,05,2017,137469,11837,3115,41,7297,185,15,11.61,2017-02-28,89
259,Horizon Zero Dawn,85,11,2017,635607,36151,21590,149,9324,884,50,17.58,2017-02-28,89
260,Horizon Zero Dawn,174,12,2017,202204,35106,6399,102,6751,272,47,5.76,2017-02-28,89
261,Horizon Zero Dawn,42,08,2020,4665977,177158,91067,1658,16500,6279,238,26.34,2017-02-28,89
262,Horizon Zero Dawn,120,09,2020,1065842,73088,28207,228,7423,1482,101,14.58,2017-02-28,89
263,INSIDE,46,07,2016,1006447,13111,37950,126,4040,1354,17,76.76,2016-06-29,91
264,It Takes Two,44,03,2021,6461272,67385,164233,1063,11324,8696,90,95.89,2021-03-26,88
265,It Takes Two,26,04,2021,13667970,289118,227571,1072,41757,19009,402,47.27,2021-03-26,88
266,It Takes Two,81,05,2021,2921152,149157,39805,575,24734,3931,200,19.58,2021-03-26,88
267,It Takes Two,108,06,2021,1625406,89958,62420,285,16048,2260,125,18.07,2021-03-26,88
268,It Takes Two,157,07,2021,985086,64974,43634,203,11863,1325,87,15.16,2021-03-26,88
269,It Takes Two,155,08,2021,1053898,50647,29823,146,9331,1418,68,20.81,2021-03-26,88
270,Microsoft Flight Simulator,32,08,2020,6817924,111482,216593,987,15899,9176,150,61.16,2020-08-18,92
271,Microsoft Flight Simulator,92,09,2020,1506592,81480,17971,267,8230,2095,113,18.49,2020-08-18,92
272,Microsoft Flight Simulator,180,10,2020,625221,49447,8613,133,4315,841,66,12.64,2020-08-18,92
273,Microsoft Flight Simulator,192,11,2020,588700,41425,18605,143,3535,818,57,14.21,2020-08-18,92
274,Microsoft Flight Simulator,194,12,2020,543186,42871,13445,140,3603,731,57,12.67,2020-08-18,92
275,Microsoft Flight Simulator,185,01,2021,648000,49575,8605,157,4269,872,66,13.07,2020-08-18,92
276,Microsoft Flight Simulator,190,05,2021,845919,38938,32663,124,3209,1138,52,21.72,2020-08-18,92
277,Microsoft Flight Simulator,185,07,2021,794256,47846,25594,488,6348,1068,64,16.6,2020-08-18,92
278,Microsoft Flight Simulator,199,08,2021,737207,51750,8383,181,5937,992,69,14.25,2020-08-18,92
279,Minecraft,6,01,2016,10231056,490002,64432,1538,88820,13769,659,20.88,2017-09-20,90
280,Minecraft,6,02,2016,8965231,440549,68098,1441,77621,12899,633,20.35,2017-09-20,90
281,Minecraft,7,03,2016,10030905,448411,90527,1438,78524,13500,603,22.37,2017-09-20,90
282,Minecraft,8,04,2016,7605339,416176,61290,1398,72014,10577,578,18.27,2017-09-20,90
283,Minecraft,9,05,2016,6848639,407008,41069,1215,77629,9217,547,16.83,2017-09-20,90
284,Minecraft,10,06,2016,7333796,440946,54277,1208,83314,10199,613,16.63,2017-09-20,90
285,Minecraft,9,07,2016,7577550,444318,47731,1056,90671,10198,598,17.05,2017-09-20,90
286,Minecraft,12,08,2016,5871886,402260,36111,1003,75700,7902,541,14.6,2017-09-20,90
287,Minecraft,13,09,2016,4368646,280169,32506,951,60021,6076,389,15.59,2017-09-20,90
288,Minecraft,12,10,2016,4544535,288039,39662,884,55027,6116,387,15.78,2017-09-20,90
289,Minecraft,10,11,2016,7606529,284458,82474,943,47055,10579,395,26.74,2017-09-20,90
290,Minecraft,9,12,2016,8004324,323333,72870,944,14232,10772,435,24.76,2017-09-20,90
291,Minecraft,9,01,2017,10054852,360769,91193,1134,68114,13532,485,27.87,2017-09-20,90
292,Minecraft,14,02,2017,6380643,296730,104992,957,52097,9509,442,21.5,2017-09-20,90
293,Minecraft,17,03,2017,5623943,279486,39172,925,38531,7569,376,20.12,2017-09-20,90
294,Minecraft,13,04,2017,6508772,263337,55946,790,37623,9052,366,24.72,2017-09-20,90
295,Minecraft,14,05,2017,6402031,257749,62008,776,49235,8616,346,24.84,2017-09-20,90
296,Minecraft,17,06,2017,5211026,286168,44423,711,55027,7247,398,18.21,2017-09-20,90
297,Minecraft,11,07,2017,5440282,339711,34758,769,59890,7322,457,16.01,2017-09-20,90
298,Minecraft,12,08,2017,4890416,302885,45352,724,52257,6581,407,16.15,2017-09-20,90
299,Minecraft,19,09,2017,4021099,224026,51860,684,37948,5592,311,17.95,2017-09-20,90
300,Minecraft,23,10,2017,4288002,219293,38970,622,35900,5771,295,19.55,2017-09-20,90
301,Minecraft,14,11,2017,6273574,210939,63658,654,35012,8725,293,29.74,2017-09-20,90
302,Minecraft,20,12,2017,4343532,230126,50986,667,39357,5845,309,18.87,2017-09-20,90
303,Minecraft,30,01,2018,3998724,257452,34987,681,42756,5381,346,15.53,2017-09-20,90
304,Minecraft,26,02,2018,3334973,217642,32807,638,36610,4970,324,15.32,2017-09-20,90
305,Minecraft,27,03,2018,3626808,224520,30679,596,39153,4881,302,16.15,2017-09-20,90
306,Minecraft,25,04,2018,3991870,220230,26687,608,38162,5551,306,18.13,2017-09-20,90
307,Minecraft,32,05,2018,3074493,213467,16149,544,38700,4137,287,14.4,2017-09-20,90
308,Minecraft,35,06,2018,3079644,234185,27186,552,43784,4283,325,13.15,2017-09-20,90
309,Minecraft,17,07,2018,5193371,288429,48864,687,48608,6989,388,18.01,2017-09-20,90
310,Minecraft,21,08,2018,5336083,306035,44143,877,47426,7181,411,17.44,2017-09-20,90
311,Minecraft,30,09,2018,4038129,243973,65539,682,38489,5616,339,16.55,2017-09-20,90
312,Minecraft,27,10,2018,4403349,245127,35072,649,37293,5926,329,17.96,2017-09-20,90
313,Minecraft,34,11,2018,4162500,245158,44783,744,39969,5789,340,16.98,2017-09-20,90
314,Minecraft,25,12,2018,6397637,296581,35755,769,49820,8610,399,21.57,2017-09-20,90
315,Minecraft,18,01,2019,10827913,398412,61475,1008,60229,14573,536,27.18,2017-09-20,90
316,Minecraft,21,02,2019,6267012,332266,82949,933,52021,9339,495,18.86,2017-09-20,90
317,Minecraft,27,03,2019,5431901,391789,38962,1013,61985,7310,527,13.86,2017-09-20,90
318,Minecraft,21,04,2019,6147358,429837,36014,1222,70852,8549,597,14.3,2017-09-20,90
319,Minecraft,15,05,2019,8918471,571032,75748,1467,95355,12003,768,15.62,2017-09-20,90
320,Minecraft,13,06,2019,17073543,679219,209184,1577,110794,23746,944,25.14,2017-09-20,90
321,Minecraft,12,07,2019,18730470,1096565,152011,2547,172853,25209,1475,17.08,2017-09-20,90
322,Minecraft,9,08,2019,32739148,1301621,233472,2979,202798,44063,1751,25.15,2017-09-20,90
323,Minecraft,8,09,2019,23589113,1010450,176485,2955,164966,32808,1405,23.35,2017-09-20,90
324,Minecraft,12,10,2019,15065040,729787,152441,2147,116877,20275,982,20.64,2017-09-20,90
325,Minecraft,15,11,2019,15763839,617092,136705,1797,99507,21924,858,25.55,2017-09-20,90
326,Minecraft,13,12,2019,16923425,731539,164241,1852,131774,22777,984,23.13,2017-09-20,90
327,Minecraft,12,01,2020,18707737,842914,181623,2151,142141,25178,1134,22.19,2017-09-20,90
328,Minecraft,12,02,2020,17225482,797537,128086,2207,129650,24784,1147,21.6,2017-09-20,90
329,Minecraft,11,03,2020,22970430,1168906,225095,3744,183753,30915,1573,19.65,2017-09-20,90
330,Minecraft,9,04,2020,41127736,1669376,317297,4077,196386,57201,2321,24.64,2017-09-20,90
331,Minecraft,9,05,2020,41091438,1782172,481719,4034,210206,55304,2398,23.06,2017-09-20,90
332,Minecraft,10,06,2020,38878256,1728072,397172,4747,214199,54072,2403,22.5,2017-09-20,90
333,Minecraft,7,07,2020,52864781,2081006,443809,4437,248121,71150,2800,25.4,2017-09-20,90
334,Minecraft,9,08,2020,40361660,1942298,374683,4520,244197,54322,2614,20.78,2017-09-20,90
335,Minecraft,8,09,2020,39056368,1549038,431196,3771,203417,54320,2154,25.21,2017-09-20,90
336,Minecraft,9,10,2020,49798217,1802763,472079,4489,235174,67023,2426,27.62,2017-09-20,90
337,Minecraft,5,11,2020,76540606,2231010,591072,6133,282145,106454,3102,34.31,2017-09-20,90
338,Minecraft,5,12,2020,72142619,2736322,591932,7060,346527,97096,3682,26.36,2017-09-20,90
339,Minecraft,6,01,2021,80076090,3591863,931417,9865,443494,107774,4834,22.29,2017-09-20,90
340,Minecraft,5,02,2021,82415310,3524597,647145,9853,450593,122824,5252,23.38,2017-09-20,90
341,Minecraft,6,03,2021,87784445,3419021,663533,9509,441025,118148,4601,25.68,2017-09-20,90
342,Minecraft,7,04,2021,79728626,3112654,749947,8863,405918,110888,4329,25.61,2017-09-20,90
343,Minecraft,7,05,2021,76661535,2829132,964018,7751,357562,103178,3807,27.1,2017-09-20,90
344,Minecraft,6,06,2021,72365696,2841782,499342,7623,362028,100647,3952,25.46,2017-09-20,90
345,Minecraft,8,07,2021,53624353,2819049,903466,6282,353450,72172,3794,19.02,2017-09-20,90
346,Minecraft,7,08,2021,75945145,2659710,897758,6024,333391,102214,3579,28.55,2017-09-20,90
347,Minecraft,5,09,2021,76513540,2120032,795663,5693,275316,106416,2948,36.09,2017-09-20,90
348,Monster Hunter Rise,121,01,2021,1245095,30502,63492,583,7193,1675,41,40.82,2021-03-26,88
349,Monster Hunter Rise,35,03,2021,8731278,272773,129540,3436,22503,11751,367,32.01,2021-03-26,88
350,Monster Hunter Rise,40,04,2021,7567644,430358,53394,1736,27321,10525,598,17.58,2021-03-26,88
351,Monster Hunter Rise,90,05,2021,2590829,190604,50697,1169,15271,3486,256,13.59,2021-03-26,88
352,Monster Hunter Rise,154,06,2021,913315,74045,26630,275,7768,1270,102,12.33,2021-03-26,88
353,Ori and the Will of the Wisps,36,03,2020,4166360,142104,68414,1502,18078,5607,191,29.32,2020-03-11,90
354,Ori and the Will of the Wisps,191,04,2020,482683,39712,34927,150,5660,671,55,12.15,2020-03-11,90
355,Overwatch,13,02,2016,4735263,68029,94851,546,7075,6813,97,69.61,2016-05-24,90
356,Overwatch,27,03,2016,2735563,58336,16594,135,5321,3681,78,46.89,2016-05-24,90
357,Overwatch,21,04,2016,3314869,69482,38505,1129,9592,4610,96,47.71,2016-05-24,90
358,Overwatch,5,05,2016,22098050,834402,302141,9741,140615,29741,1123,26.48,2016-05-24,90
359,Overwatch,5,06,2016,30041625,1141859,105075,3428,152548,41782,1588,26.31,2016-05-24,90
360,Overwatch,5,07,2016,24928646,813972,82786,2220,126978,33551,1095,30.63,2016-05-24,90
361,Overwatch,6,08,2016,18643208,678192,92808,1740,109939,25091,912,27.49,2016-05-24,90
362,Overwatch,6,09,2016,15244235,624055,74964,2022,108359,21201,867,24.43,2016-05-24,90
363,Overwatch,6,10,2016,14653679,620097,118438,2047,95883,19722,834,23.63,2016-05-24,90
364,Overwatch,5,11,2016,20378464,676432,247288,2089,105104,28342,940,30.13,2016-05-24,90
365,Overwatch,5,12,2016,22178852,857811,90315,2288,35354,29850,1154,25.86,2016-05-24,90
366,Overwatch,5,01,2017,25700463,972764,88338,2423,149853,34590,1309,26.42,2016-05-24,90
367,Overwatch,5,02,2017,18544200,778498,77354,2230,120815,27636,1160,23.82,2016-05-24,90
368,Overwatch,6,03,2017,22579043,918777,98176,2808,102428,30389,1236,24.58,2016-05-24,90
369,Overwatch,6,04,2017,21200021,857974,123529,2814,99965,29485,1193,24.71,2016-05-24,90
370,Overwatch,6,05,2017,20539723,885655,89639,2585,140295,27644,1191,23.19,2016-05-24,90
371,Overwatch,5,06,2017,22749333,982803,68705,3561,148384,31640,1366,23.15,2016-05-24,90
372,Overwatch,6,07,2017,19496787,875038,92616,1985,135242,26240,1177,22.28,2016-05-24,90
373,Overwatch,7,08,2017,17443046,856247,116664,2629,131260,23476,1152,20.37,2016-05-24,90
374,Overwatch,8,09,2017,16746745,758045,65265,2655,111470,23291,1054,22.09,2016-05-24,90
375,Overwatch,10,10,2017,14579938,729063,70145,2659,109231,19623,981,20,2016-05-24,90
376,Overwatch,8,11,2017,22309745,835413,329834,2057,112654,31028,1161,26.71,2016-05-24,90
377,Overwatch,8,12,2017,17837670,875780,85699,2399,118792,24007,1178,20.37,2016-05-24,90
378,Overwatch,6,01,2018,32620891,1118103,461851,2940,142342,43904,1504,29.18,2016-05-24,90
379,Overwatch,8,02,2018,26713493,898701,226758,2491,125449,39811,1339,29.72,2016-05-24,90
380,Overwatch,5,03,2018,32053648,991752,239954,2852,135198,43140,1334,32.32,2016-05-24,90
381,Overwatch,7,04,2018,31997018,929152,191674,3111,130461,44502,1292,34.44,2016-05-24,90
382,Overwatch,7,05,2018,31493400,958542,201890,2982,135510,42386,1290,32.86,2016-05-24,90
383,Overwatch,8,06,2018,23127738,802496,220801,1875,119586,32166,1116,28.82,2016-05-24,90
384,Overwatch,8,07,2018,25211255,971524,344591,2360,131507,33931,1307,25.95,2016-05-24,90
385,Overwatch,8,08,2018,23090495,983482,135822,2413,137844,31077,1323,23.48,2016-05-24,90
386,Overwatch,9,09,2018,20588095,903065,123275,2959,122273,28634,1256,22.8,2016-05-24,90
387,Overwatch,13,10,2018,16188422,847552,62487,2870,118139,21787,1140,19.1,2016-05-24,90
388,Overwatch,7,11,2018,21844731,924630,259787,2133,129623,30382,1285,23.63,2016-05-24,90
389,Overwatch,11,12,2018,16862203,968889,50545,2496,132283,22694,1304,17.4,2016-05-24,90
390,Overwatch,8,01,2019,22499093,1192726,88234,2784,146158,30281,1605,18.86,2016-05-24,90
391,Overwatch,7,02,2019,23707822,717365,289347,2420,102530,35332,1069,33.05,2016-05-24,90
392,Overwatch,8,03,2019,26607780,803629,259090,1748,104627,35811,1081,33.11,2016-05-24,90
393,Overwatch,8,04,2019,28601463,788023,185196,2534,102724,39779,1095,36.3,2016-05-24,90
394,Overwatch,8,05,2019,24738341,843717,260129,2133,106609,33295,1135,29.32,2016-05-24,90
395,Overwatch,7,06,2019,30730691,765200,163632,1652,98075,42740,1064,40.16,2016-05-24,90
396,Overwatch,9,07,2019,29237452,803728,206996,1769,101433,39350,1081,36.38,2016-05-24,90
397,Overwatch,8,08,2019,35080281,898039,156073,2813,113361,47214,1208,39.06,2016-05-24,90
398,Overwatch,9,09,2019,21867082,705530,321314,1717,92814,30413,981,30.99,2016-05-24,90
399,Overwatch,16,10,2019,10882550,682058,55125,1902,85624,14646,917,15.96,2016-05-24,90
400,Overwatch,14,11,2019,16078956,707451,211751,1561,86095,22362,983,22.73,2016-05-24,90
401,Overwatch,15,12,2019,14056666,722851,58517,1915,86206,18918,972,19.45,2016-05-24,90
402,Overwatch,14,01,2020,14476204,817235,53847,1706,91877,19483,1099,17.71,2016-05-24,90
403,Overwatch,14,02,2020,15337803,744064,89447,1648,83070,22068,1070,20.61,2016-05-24,90
404,Overwatch,15,03,2020,15595432,870540,194372,1983,98914,20989,1171,17.91,2016-05-24,90
405,Overwatch,21,04,2020,13708585,875738,82477,2087,87545,19066,1217,15.65,2016-05-24,90
406,Overwatch,18,05,2020,14819259,935781,142904,2434,87808,19945,1259,15.84,2016-05-24,90
407,Overwatch,18,06,2020,15364110,819637,68028,1756,78735,21368,1139,18.75,2016-05-24,90
408,Overwatch,17,07,2020,17368052,883835,70577,1879,81725,23375,1189,19.65,2016-05-24,90
409,Overwatch,18,08,2020,12834847,826326,63488,2179,81557,17274,1112,15.53,2016-05-24,90
410,Overwatch,20,09,2020,12981536,751471,58428,1725,74060,18054,1045,17.27,2016-05-24,90
411,Overwatch,24,10,2020,12686221,825098,71982,2489,83528,17074,1110,15.38,2016-05-24,90
412,Overwatch,28,11,2020,12073850,749719,42175,1786,76572,16792,1042,16.1,2016-05-24,90
413,Overwatch,24,12,2020,13597110,798761,95650,2056,82400,18300,1075,17.02,2016-05-24,90
414,Overwatch,24,01,2021,15430328,945335,61609,2069,94343,20767,1272,16.32,2016-05-24,90
415,Overwatch,27,02,2021,12638505,843839,72588,2361,89223,18835,1257,14.98,2016-05-24,90
416,Overwatch,26,03,2021,13825073,862789,44628,2067,88225,18607,1161,16.02,2016-05-24,90
417,Overwatch,30,04,2021,12239978,803047,71596,2220,84414,17023,1116,15.24,2016-05-24,90
418,Overwatch,26,05,2021,12292040,770340,111114,2056,77905,16543,1036,15.96,2016-05-24,90
419,Overwatch,23,06,2021,12330934,688517,73883,1664,71864,17150,957,17.91,2016-05-24,90
420,Overwatch,29,07,2021,10952403,703256,49877,1776,73442,14740,946,15.57,2016-05-24,90
421,Overwatch,33,08,2021,8981103,573820,43807,1227,59940,12087,772,15.65,2016-05-24,90
422,Overwatch,34,09,2021,8401428,521831,78397,1146,53834,11684,725,16.1,2016-05-24,90
423,Paradigm,146,04,2017,195665,816,37173,7,187,272,1,239.79,2017-04-05,89
424,Persona 5,105,09,2016,237168,5379,1790,34,222,329,7,44.09,2017-04-04,94
425,Persona 5,29,04,2017,2807958,71831,45615,488,5925,3905,99,39.09,2017-04-04,94
426,Persona 5,59,05,2017,843215,34484,18733,137,3471,1134,46,24.45,2017-04-04,94
427,Persona 5,104,06,2017,371081,23260,3962,75,2303,516,32,15.95,2017-04-04,94
428,Persona 5,185,07,2017,239791,16445,3472,51,1890,322,22,14.58,2017-04-04,94
429,Persona 5,160,08,2017,220037,13945,1711,50,1721,296,18,15.78,2017-04-04,94
430,Persona 5,190,09,2017,171432,10901,4585,34,1228,238,15,15.73,2017-04-04,94
431,Persona 5,129,12,2017,316209,12323,3951,50,1886,425,16,25.66,2017-04-04,94
432,Persona 5,57,01,2018,1211176,17169,16655,54,2132,1630,23,70.54,2017-04-04,94
433,Persona 5,60,02,2018,888339,13998,15690,48,1555,1323,20,63.46,2017-04-04,94
434,Persona 5,134,03,2018,317742,14228,2403,44,1626,427,19,22.33,2017-04-04,94
435,Persona 5,167,04,2018,239204,15935,2350,54,1921,332,22,15.01,2017-04-04,94
436,Persona 5,118,04,2019,612856,17544,8588,73,2368,852,24,34.93,2017-04-04,94
437,Pillars of Eternity II: Deadfire,49,05,2018,1731365,25887,23893,275,2196,2330,34,66.88,2018-05-08,89
438,Psychonauts 2,147,08,2021,1091485,45502,44798,748,6546,1469,61,23.99,2021-08-25,89
439,Ratchet & Clank: Rift Apart,46,06,2021,4702938,136911,135505,1592,14327,6540,190,34.35,2021-06-11,89
440,Red Dead Redemption 2,10,10,2018,19530383,566971,382860,8785,88742,26285,763,34.45,2018-10-26,96
441,Red Dead Redemption 2,15,11,2018,15096444,889771,103026,3315,114076,20996,1237,16.97,2018-10-26,96
442,Red Dead Redemption 2,38,12,2018,3423869,385825,28659,2010,69566,4608,519,8.87,2018-10-26,96
443,Red Dead Redemption 2,78,01,2019,1182176,209749,12698,553,35251,1591,282,5.64,2018-10-26,96
444,Red Dead Redemption 2,117,02,2019,550359,104180,7857,311,17341,820,155,5.28,2018-10-26,96
445,Red Dead Redemption 2,136,03,2019,479336,95151,5984,244,15900,645,128,5.04,2018-10-26,96
446,Red Dead Redemption 2,172,04,2019,322566,72721,4322,187,12640,448,101,4.44,2018-10-26,96
447,Red Dead Redemption 2,123,05,2019,574952,92728,10176,268,17480,773,124,6.2,2018-10-26,96
448,Red Dead Redemption 2,148,06,2019,458302,79017,9130,227,12344,637,109,5.8,2018-10-26,96
449,Red Dead Redemption 2,164,07,2019,352872,65504,10187,151,10231,474,88,5.39,2018-10-26,96
450,Red Dead Redemption 2,151,08,2019,392261,65739,4406,166,9536,527,88,5.97,2018-10-26,96
451,Red Dead Redemption 2,73,09,2019,1094002,110547,19942,411,13672,1521,153,9.9,2018-10-26,96
452,Red Dead Redemption 2,95,10,2019,755776,96650,4128,226,11565,1017,130,7.82,2018-10-26,96
453,Red Dead Redemption 2,23,11,2019,7662955,335981,128607,1898,33232,10657,467,22.81,2018-10-26,96
454,Red Dead Redemption 2,42,12,2019,2743267,243971,25729,689,28523,3692,328,11.24,2018-10-26,96
455,Red Dead Redemption 2,72,01,2020,1415140,182212,24707,477,22141,1904,245,7.77,2018-10-26,96
456,Red Dead Redemption 2,92,02,2020,906316,123575,14869,320,15253,1304,177,7.33,2018-10-26,96
457,Red Dead Redemption 2,117,03,2020,809840,117876,15095,309,15647,1089,158,6.87,2018-10-26,96
458,Red Dead Redemption 2,91,04,2020,1369606,154638,15289,391,15118,1904,215,8.86,2018-10-26,96
459,Red Dead Redemption 2,53,05,2020,3428147,235158,24318,570,22278,4613,316,14.58,2018-10-26,96
460,Red Dead Redemption 2,50,06,2020,3180873,204974,46850,487,18229,4424,285,15.52,2018-10-26,96
461,Red Dead Redemption 2,77,07,2020,2245505,234660,13455,842,20422,3022,315,9.57,2018-10-26,96
462,Red Dead Redemption 2,85,08,2020,1839755,254168,9385,637,20736,2476,342,7.24,2018-10-26,96
463,Red Dead Redemption 2,73,09,2020,2134662,202676,18066,505,16841,2968,281,10.53,2018-10-26,96
464,Red Dead Redemption 2,87,10,2020,1820807,214032,38316,535,18890,2450,288,8.51,2018-10-26,96
465,Red Dead Redemption 2,100,11,2020,1571602,221669,27629,572,20393,2185,308,7.09,2018-10-26,96
466,Red Dead Redemption 2,93,12,2020,1676641,277439,27213,739,27546,2256,373,6.04,2018-10-26,96
467,Red Dead Redemption 2,96,01,2021,1798371,296283,33914,699,27793,2420,398,6.07,2018-10-26,96
468,Red Dead Redemption 2,107,02,2021,1397803,250765,12422,632,24205,2083,373,5.57,2018-10-26,96
469,Red Dead Redemption 2,129,03,2021,1463478,232951,9322,539,22133,1969,313,6.28,2018-10-26,96
470,Red Dead Redemption 2,142,04,2021,1270179,206854,6814,510,19964,1766,287,6.14,2018-10-26,96
471,Red Dead Redemption 2,92,05,2021,2393621,226533,35997,563,22259,3221,304,10.57,2018-10-26,96
472,Red Dead Redemption 2,79,06,2021,2538340,207537,40996,528,20446,3530,288,12.23,2018-10-26,96
473,Red Dead Redemption 2,97,07,2021,1968299,285507,22715,1029,28440,2649,384,6.89,2018-10-26,96
474,Red Dead Redemption 2,68,08,2021,3507479,301287,17146,743,27189,4720,405,11.64,2018-10-26,96
475,Red Dead Redemption 2,56,09,2021,4145477,270922,41207,673,23856,5765,376,15.3,2018-10-26,96
476,Resident Evil 2,185,07,2016,168886,1186,93275,10,256,227,1,142.4,2019-01-25,92
477,Resident Evil 2,193,10,2017,158385,2267,11874,12,376,213,3,69.87,2019-01-25,92
478,Resident Evil 2,130,06,2018,443758,6040,18430,31,886,617,8,73.47,2019-01-25,92
479,Resident Evil 2,13,01,2019,16394917,449333,314244,6488,70644,22065,604,36.49,2019-01-25,92
480,Resident Evil 2,130,01,2019,578746,16569,38429,285,5441,778,22,34.93,2019-01-25,92
481,Resident Evil 2,16,02,2019,7943721,396081,58175,1977,62263,11838,590,20.06,2019-01-25,92
482,Resident Evil 2,52,03,2019,1868911,114047,30640,398,20856,2515,153,16.39,2019-01-25,92
483,Resident Evil 2,100,04,2019,731195,54205,7613,161,10479,1016,75,13.49,2019-01-25,92
484,Resident Evil 2,149,05,2019,448030,40504,6540,118,7897,603,54,11.06,2019-01-25,92
485,Resident Evil 2,116,06,2019,593470,30735,153205,84,6155,825,42,19.31,2019-01-25,92
486,Resident Evil 2,103,07,2019,616754,31541,17601,80,5985,830,42,19.55,2019-01-25,92
487,Resident Evil 2,157,08,2019,371462,29480,7713,79,5524,499,39,12.6,2019-01-25,92
488,Resident Evil 2,163,09,2019,323649,23140,57698,73,4477,450,32,13.99,2019-01-25,92
489,Resident Evil 2,130,10,2019,495751,34153,10809,167,5852,667,45,14.52,2019-01-25,92
490,Resident Evil 2,147,11,2019,389681,29899,10249,180,5741,541,41,13.03,2019-01-25,92
491,Resident Evil 2,101,12,2019,730470,65818,5889,192,12871,983,88,11.1,2019-01-25,92
492,Resident Evil 2,82,01,2020,1168260,70600,15016,202,12434,1572,95,16.55,2019-01-25,92
493,Resident Evil 2,116,02,2020,682122,54972,6124,157,9424,981,79,12.41,2019-01-25,92
494,Resident Evil 2,86,03,2020,1179402,81124,20170,307,14722,1587,109,14.54,2019-01-25,92
495,Resident Evil 2,140,04,2020,726706,98288,9132,363,15308,1010,136,7.39,2019-01-25,92
496,Resident Evil 2,124,10,2020,1002340,60868,16454,283,8731,1349,81,16.47,2019-01-25,92
497,Resident Evil 2,181,11,2020,665067,47195,8355,327,7028,924,65,14.09,2019-01-25,92
498,Resident Evil 2,184,01,2021,650717,62450,6327,217,9432,875,84,10.42,2019-01-25,92
499,Resident Evil 2,183,02,2021,698444,64309,7393,205,9370,1040,95,10.86,2019-01-25,92
500,Resident Evil 2,170,04,2021,1006434,70902,11349,217,10665,1399,98,14.19,2019-01-25,92
501,Return of the Obra Dinn,168,10,2018,287081,2160,48512,21,522,386,2,132.91,2018-10-18,89
502,Return of the Obra Dinn,194,02,2019,231823,1373,10876,9,289,345,2,168.84,2018-10-18,89
503,Sekiro: Shadows Die Twice,9,03,2019,25426484,470352,279037,4679,75943,34221,633,54.06,2019-03-22,90
504,Sekiro: Shadows Die Twice,12,04,2019,12742668,363484,91302,1456,63530,17722,505,35.06,2019-03-22,90
505,Sekiro: Shadows Die Twice,48,05,2019,2338170,94335,27302,286,20473,3146,126,24.79,2019-03-22,90
506,Sekiro: Shadows Die Twice,96,06,2019,909840,44000,13834,127,10203,1265,61,20.68,2019-03-22,90
507,Sekiro: Shadows Die Twice,128,07,2019,476579,34548,21906,86,7178,641,46,13.79,2019-03-22,90
508,Sekiro: Shadows Die Twice,95,08,2019,693869,28193,15895,71,6360,933,37,24.61,2019-03-22,90
509,Sekiro: Shadows Die Twice,121,09,2019,497228,20347,58815,56,4738,691,28,24.44,2019-03-22,90
510,Sekiro: Shadows Die Twice,157,11,2019,338892,19094,22467,88,4834,471,26,17.75,2019-03-22,90
511,Sekiro: Shadows Die Twice,69,12,2019,1455485,46758,28414,125,10037,1958,62,31.13,2019-03-22,90
512,Sekiro: Shadows Die Twice,50,01,2020,2836305,59908,266615,155,10899,3817,80,47.34,2019-03-22,90
513,Sekiro: Shadows Die Twice,117,02,2020,682037,38342,41798,107,7186,981,55,17.79,2019-03-22,90
514,Sekiro: Shadows Die Twice,109,03,2020,898027,39722,7861,114,7957,1208,53,22.61,2019-03-22,90
515,Sekiro: Shadows Die Twice,116,04,2020,1061808,53993,7517,140,8447,1476,75,19.67,2019-03-22,90
516,Sekiro: Shadows Die Twice,80,05,2020,2043184,57945,14474,163,8659,2749,77,35.26,2019-03-22,90
517,Sekiro: Shadows Die Twice,89,06,2020,1442866,48706,19111,135,7737,2006,67,29.62,2019-03-22,90
518,Sekiro: Shadows Die Twice,108,07,2020,1268678,60142,27932,147,9152,1707,80,21.09,2019-03-22,90
519,Sekiro: Shadows Die Twice,138,08,2020,923737,43681,10927,115,7158,1243,58,21.15,2019-03-22,90
520,Sekiro: Shadows Die Twice,198,09,2020,529975,34194,5626,94,5421,737,47,15.5,2019-03-22,90
521,Sekiro: Shadows Die Twice,112,10,2020,1210235,34409,49830,155,6227,1628,46,35.17,2019-03-22,90
522,Sekiro: Shadows Die Twice,106,11,2020,1352975,57404,16488,161,8791,1881,79,23.57,2019-03-22,90
523,Sekiro: Shadows Die Twice,152,12,2020,884037,43373,12380,126,6781,1189,58,20.38,2019-03-22,90
524,Sekiro: Shadows Die Twice,122,01,2021,1236837,51027,164242,119,7257,1664,68,24.24,2019-03-22,90
525,Sekiro: Shadows Die Twice,120,02,2021,1232051,50617,21254,141,7421,1836,75,24.34,2019-03-22,90
526,Sekiro: Shadows Die Twice,138,03,2021,1321704,52186,17927,128,7245,1778,70,25.33,2019-03-22,90
527,Sekiro: Shadows Die Twice,190,04,2021,841198,48052,18159,137,6017,1169,66,17.51,2019-03-22,90
528,Sekiro: Shadows Die Twice,195,05,2021,834527,49594,19656,128,5636,1123,66,16.83,2019-03-22,90
529,Sekiro: Shadows Die Twice,141,06,2021,1050253,60352,18582,192,7298,1460,83,17.4,2019-03-22,90
530,Sekiro: Shadows Die Twice,111,07,2021,1571005,78643,17105,199,8484,2114,105,19.98,2019-03-22,90
531,Sekiro: Shadows Die Twice,120,08,2021,1569267,64233,77974,152,7181,2112,86,24.43,2019-03-22,90
532,Sekiro: Shadows Die Twice,147,09,2021,1004783,54380,18223,149,6097,1397,75,18.48,2019-03-22,90
533,Sid Meier's Civilization VI,113,09,2016,203856,110,26719,11,29,283,0,1853.24,2016-10-21,89
534,Sid Meier's Civilization VI,22,10,2016,3169270,38500,47793,449,5496,4265,51,82.32,2016-10-21,89
535,Sid Meier's Civilization VI,42,11,2016,1296630,26737,27866,131,3336,1803,37,48.5,2016-10-21,89
536,Sid Meier's Civilization VI,72,12,2016,667980,9448,29502,43,517,899,12,70.7,2016-10-21,89
537,Sid Meier's Civilization VI,172,05,2017,161710,5564,4527,21,929,217,7,29.06,2016-10-21,89
538,Sid Meier's Civilization VI,155,01,2018,285690,16585,4653,51,2806,384,22,17.23,2016-10-21,89
539,Sid Meier's Civilization VI,75,02,2018,678903,18512,13605,100,3130,1011,27,36.67,2016-10-21,89
540,Sid Meier's Civilization VI,140,01,2019,527179,11380,10096,43,1951,709,15,46.33,2016-10-21,89
541,Sid Meier's Civilization VI,46,02,2019,1892655,27015,68833,170,3884,2820,40,70.06,2016-10-21,89
542,Sid Meier's Civilization VI,105,03,2019,669539,24260,13887,75,3379,901,32,27.6,2016-10-21,89
543,Sid Meier's Civilization VI,148,04,2019,428115,13367,8223,45,2038,595,18,32.03,2016-10-21,89
544,Sid Meier's Civilization VI,165,11,2019,306136,11076,8151,46,1639,425,15,27.64,2016-10-21,89
545,Sid Meier's Civilization VI,168,12,2019,357687,15808,7675,53,2541,481,21,22.63,2016-10-21,89
546,Sid Meier's Civilization VI,186,03,2020,425484,16225,8378,70,2507,572,21,26.22,2016-10-21,89
547,Sid Meier's Civilization VI,132,04,2020,822831,23914,30435,109,2695,1144,33,34.41,2016-10-21,89
548,Sid Meier's Civilization VI,89,05,2020,1826947,83399,21934,540,12427,2458,112,21.91,2016-10-21,89
549,Sid Meier's Civilization VI,114,06,2020,1052880,58452,11913,239,7395,1464,81,18.01,2016-10-21,89
550,Sid Meier's Civilization VI,109,07,2020,1259840,35136,17841,110,4193,1695,47,35.86,2016-10-21,89
551,Sid Meier's Civilization VI,131,08,2020,965159,27475,146231,78,3299,1299,36,35.13,2016-10-21,89
552,Sid Meier's Civilization VI,152,09,2020,747032,23997,13978,113,3093,1038,33,31.13,2016-10-21,89
553,Sid Meier's Civilization VI,194,11,2020,583169,28971,10788,116,3424,811,40,20.13,2016-10-21,89
554,Sid Meier's Civilization VI,189,12,2020,549659,27764,10852,101,3352,739,37,19.8,2016-10-21,89
555,Sid Meier's Civilization VI,177,01,2021,709830,34751,13914,122,4034,955,46,20.43,2016-10-21,89
556,Sid Meier's Civilization VI,192,02,2021,631600,33025,16346,131,3848,941,49,19.12,2016-10-21,89
557,Stardew Valley,54,02,2016,891333,11046,46505,243,2034,1282,15,80.69,2016-02-26,89
558,Stardew Valley,10,03,2016,5925311,137735,50884,375,15288,7974,185,43.02,2016-02-26,89
559,Stardew Valley,49,04,2016,844542,46361,15377,150,6573,1174,64,18.22,2016-02-26,89
560,Stardew Valley,75,05,2016,377044,21589,13028,76,3597,507,29,17.46,2016-02-26,89
561,Stardew Valley,112,06,2016,199369,14457,12394,51,2680,277,20,13.79,2016-02-26,89
562,Stardew Valley,49,10,2016,835842,27048,12154,83,3969,1124,36,30.9,2016-02-26,89
563,Stardew Valley,91,11,2016,413263,18631,10882,58,2788,574,25,22.18,2016-02-26,89
564,Stardew Valley,100,12,2016,415969,29320,6039,104,780,559,39,14.19,2016-02-26,89
565,Stardew Valley,78,01,2017,696427,39692,6331,107,6854,937,53,17.55,2016-02-26,89
566,Stardew Valley,72,02,2017,646743,35036,6306,112,5541,963,52,18.46,2016-02-26,89
567,Stardew Valley,114,03,2017,282672,28681,3297,90,3951,380,38,9.86,2016-02-26,89
568,Stardew Valley,141,04,2017,208199,20573,3840,55,3012,289,28,10.12,2016-02-26,89
569,Stardew Valley,149,05,2017,203627,23416,3455,66,4092,274,31,8.7,2016-02-26,89
570,Stardew Valley,135,06,2017,227305,23661,2016,83,4180,316,32,9.61,2016-02-26,89
571,Stardew Valley,110,07,2017,427895,34325,5283,95,5723,575,46,12.47,2016-02-26,89
572,Stardew Valley,138,08,2017,295366,26872,3411,66,4374,397,36,10.99,2016-02-26,89
573,Stardew Valley,110,09,2017,389052,23485,32892,65,3938,541,32,16.57,2016-02-26,89
574,Stardew Valley,92,10,2017,514969,32747,5612,91,5209,693,44,15.73,2016-02-26,89
575,Stardew Valley,82,11,2017,668377,35347,10375,100,5672,929,49,18.91,2016-02-26,89
576,Stardew Valley,125,12,2017,338123,32084,2796,86,5456,455,43,10.54,2016-02-26,89
577,Stardew Valley,109,01,2018,474675,43250,4340,111,6746,638,58,10.98,2016-02-26,89
578,Stardew Valley,127,02,2018,300538,32506,23314,90,5262,447,48,9.25,2016-02-26,89
579,Stardew Valley,122,03,2018,381430,34159,5095,86,5426,513,45,11.17,2016-02-26,89
580,Stardew Valley,92,04,2018,614063,34396,39063,392,5347,854,47,17.85,2016-02-26,89
581,Stardew Valley,36,05,2018,2626381,145566,37846,479,22012,3534,195,18.04,2016-02-26,89
582,Stardew Valley,90,06,2018,786398,67662,12698,200,11626,1093,94,11.62,2016-02-26,89
583,Stardew Valley,117,07,2018,607919,57228,9503,146,9631,818,77,10.62,2016-02-26,89
584,Stardew Valley,114,08,2018,519548,59627,3914,168,10264,699,80,8.71,2016-02-26,89
585,Stardew Valley,153,09,2018,363909,41653,2983,131,7386,506,57,8.74,2016-02-26,89
586,Stardew Valley,173,10,2018,277513,34735,2403,90,6287,373,46,7.99,2016-02-26,89
587,Stardew Valley,190,11,2018,245938,31487,1983,89,6040,342,43,7.81,2016-02-26,89
588,Stardew Valley,191,12,2018,284833,36730,3801,108,7021,383,49,7.75,2016-02-26,89
589,Stardew Valley,170,01,2019,413479,50706,6606,127,8805,556,68,8.15,2016-02-26,89
590,Stardew Valley,111,02,2019,605679,40916,33892,151,7200,902,60,14.8,2016-02-26,89
591,Stardew Valley,98,03,2019,731002,58688,8380,146,9349,983,78,12.46,2016-02-26,89
592,Stardew Valley,102,04,2019,724044,54475,12749,132,8973,1007,75,13.29,2016-02-26,89
593,Stardew Valley,124,05,2019,566937,49405,5603,118,8323,763,66,11.48,2016-02-26,89
594,Stardew Valley,134,06,2019,502095,42475,25456,140,7886,698,59,11.82,2016-02-26,89
595,Stardew Valley,141,07,2019,432457,46371,15449,125,8028,582,62,9.33,2016-02-26,89
596,Stardew Valley,169,08,2019,336506,37851,2602,94,6603,452,50,8.89,2016-02-26,89
597,Stardew Valley,133,09,2019,434081,33927,10769,92,6162,603,47,12.79,2016-02-26,89
598,Stardew Valley,143,10,2019,419448,35713,15371,95,6306,564,48,11.74,2016-02-26,89
599,Stardew Valley,110,11,2019,630598,43176,9492,218,7647,877,60,14.61,2016-02-26,89
600,Stardew Valley,62,12,2019,1776499,83495,17614,211,12564,2390,112,21.28,2016-02-26,89
601,Stardew Valley,83,01,2020,1150623,89011,10235,226,13002,1548,119,12.93,2016-02-26,89
602,Stardew Valley,75,02,2020,1143276,78398,21550,194,11774,1645,112,14.58,2016-02-26,89
603,Stardew Valley,93,03,2020,1066389,96548,13850,256,15192,1435,129,11.05,2016-02-26,89
604,Stardew Valley,160,04,2020,594118,83374,6551,198,11201,826,115,7.13,2016-02-26,89
605,Stardew Valley,193,05,2020,548637,68427,4282,162,9308,738,92,8.02,2016-02-26,89
606,Stardew Valley,193,07,2020,545181,71286,5423,172,10088,733,95,7.65,2016-02-26,89
607,Stardew Valley,150,11,2020,878089,79119,15858,217,11995,1221,110,11.1,2016-02-26,89
608,Stardew Valley,74,12,2020,2525032,154976,30624,715,23020,3398,208,16.29,2016-02-26,89
609,Stardew Valley,35,01,2021,7548952,316734,42766,767,37286,10160,426,23.83,2016-02-26,89
610,Stardew Valley,65,02,2021,2936151,234020,38244,643,30846,4375,348,12.55,2016-02-26,89
611,Stardew Valley,77,03,2021,2876985,240202,90497,626,31660,3872,323,11.98,2016-02-26,89
612,Stardew Valley,117,04,2021,1693474,188307,9956,523,26055,2355,261,8.99,2016-02-26,89
613,Stardew Valley,118,05,2021,1545964,163658,20185,419,22844,2080,220,9.45,2016-02-26,89
614,Stardew Valley,124,06,2021,1327638,137454,99539,377,19901,1846,191,9.66,2016-02-26,89
615,Stardew Valley,128,07,2021,1322042,144335,15647,372,20654,1779,194,9.16,2016-02-26,89
616,Stardew Valley,137,08,2021,1242964,146885,7435,365,20710,1672,197,8.46,2016-02-26,89
617,Stardew Valley,127,09,2021,1309929,129694,18372,357,18322,1821,180,10.1,2016-02-26,89
618,Super Mario Maker 2,33,06,2019,3377119,39434,84896,1028,7219,4696,54,85.64,2019-06-28,88
619,Super Mario Maker 2,13,07,2019,16698332,189723,78727,701,14975,22474,255,88.01,2019-06-28,88
620,Super Mario Maker 2,18,08,2019,7144392,99436,31187,292,7907,9615,133,71.85,2019-06-28,88
621,Super Mario Maker 2,36,09,2019,3642105,58073,20430,174,4804,5065,80,62.72,2019-06-28,88
622,Super Mario Maker 2,25,10,2019,4616858,53734,30315,167,4336,6213,72,85.92,2019-06-28,88
623,Super Mario Maker 2,37,11,2019,3345520,38496,30086,102,3152,4653,53,86.91,2019-06-28,88
624,Super Mario Maker 2,30,12,2019,4365636,47991,32196,193,4205,5875,64,90.97,2019-06-28,88
625,Super Mario Maker 2,37,01,2020,4034061,46729,257595,116,3811,5429,62,86.33,2019-06-28,88
626,Super Mario Maker 2,36,02,2020,3675414,43774,26193,116,3493,5288,62,83.96,2019-06-28,88
627,Super Mario Maker 2,44,03,2020,3084676,45945,19694,126,3865,4151,61,67.14,2019-06-28,88
628,Super Mario Maker 2,39,04,2020,4495910,60743,48011,342,5159,6253,84,74.02,2019-06-28,88
629,Super Mario Maker 2,45,05,2020,4289939,65569,25509,173,5158,5773,88,65.43,2019-06-28,88
630,Super Mario Maker 2,49,06,2020,3282391,51368,26483,127,4137,4565,71,63.9,2019-06-28,88
631,Super Mario Maker 2,61,07,2020,2877069,50424,23272,135,3970,3872,67,57.06,2019-06-28,88
632,Super Mario Maker 2,82,08,2020,1887482,43681,11908,113,3453,2540,58,43.21,2019-06-28,88
633,Super Mario Maker 2,86,09,2020,1602757,36542,14726,94,3185,2229,50,43.86,2019-06-28,88
634,Super Mario Maker 2,119,10,2020,1108459,29987,6100,80,2533,1491,40,36.96,2019-06-28,88
635,Super Mario Maker 2,104,11,2020,1463746,32261,11438,97,2666,2035,44,45.37,2019-06-28,88
636,Super Mario Maker 2,85,12,2020,2044996,34303,72927,114,3099,2752,46,59.62,2019-06-28,88
637,Super Mario Maker 2,86,01,2021,2070739,39989,82402,111,3628,2786,53,51.78,2019-06-28,88
638,Super Mario Maker 2,101,02,2021,1594812,34978,31555,115,3259,2376,52,45.59,2019-06-28,88
639,Super Mario Maker 2,106,03,2021,1898505,39214,27765,142,3629,2555,52,48.41,2019-06-28,88
640,Super Mario Maker 2,95,04,2021,2211171,36212,24042,100,3117,3075,50,61.06,2019-06-28,88
641,Super Mario Maker 2,117,05,2021,1550161,35522,23033,90,2980,2086,47,43.64,2019-06-28,88
642,Super Mario Maker 2,107,06,2021,1670480,32140,30781,85,2780,2323,44,51.98,2019-06-28,88
643,Super Mario Maker 2,108,07,2021,1597383,30631,27787,84,2688,2149,41,52.15,2019-06-28,88
644,Super Mario Maker 2,122,08,2021,1554087,30411,12208,81,2601,2091,40,51.10,2019-06-28,88
645,Super Mario Maker 2,133,09,2021,1240345,26591,19769,74,2401,1725,36,46.65,2019-06-28,88
646,Super Mario Odyssey,28,10,2017,3549466,54005,60755,1047,7269,4777,72,65.72,2017-10-27,97
647,Super Mario Odyssey,16,11,2017,5725144,84695,32050,414,8426,7962,117,67.6,2017-10-27,97
648,Super Mario Odyssey,44,12,2017,1843329,32058,16160,125,3966,2480,43,57.5,2017-10-27,97
649,Super Mario Odyssey,56,01,2018,1254773,27465,73852,87,3488,1688,36,45.69,2017-10-27,97
650,Super Mario Odyssey,82,02,2018,630488,16590,13627,68,2371,939,24,38,2017-10-27,97
651,Super Mario Odyssey,96,03,2018,584038,16107,11716,52,2289,786,21,36.26,2017-10-27,97
652,Super Mario Odyssey,123,04,2018,408599,12281,7737,40,1622,568,17,33.27,2017-10-27,97
653,Super Mario Odyssey,99,05,2018,601011,11689,19571,35,1528,808,15,51.42,2017-10-27,97
654,Super Mario Odyssey,145,06,2018,395173,9488,161784,36,1420,549,13,41.65,2017-10-27,97
655,Super Mario Odyssey,123,07,2018,562129,10919,167091,39,1497,756,14,51.48,2017-10-27,97
656,Super Mario Odyssey,184,08,2018,243636,9822,7183,32,1312,327,13,24.81,2017-10-27,97
657,Super Mario Odyssey,143,10,2018,391401,9335,32416,36,1243,526,12,41.93,2017-10-27,97
658,Super Mario Odyssey,140,11,2018,415374,10695,6142,36,1438,577,14,38.84,2017-10-27,97
659,Super Mario Odyssey,172,12,2018,352056,9801,9294,41,1355,473,13,35.92,2017-10-27,97
660,Super Mario Odyssey,81,01,2019,1115575,12047,209812,41,1511,1501,16,92.6,2017-10-27,97
661,Super Mario Odyssey,172,02,2019,289122,9861,16275,39,1152,430,14,29.32,2017-10-27,97
662,Super Mario Odyssey,169,03,2019,362354,11764,8663,47,1311,487,15,30.8,2017-10-27,97
663,Super Mario Odyssey,156,02,2020,468793,8510,20679,36,1034,674,12,55.09,2017-10-27,97
664,Super Mario Odyssey,191,03,2020,412323,10916,5013,45,1373,554,14,37.77,2017-10-27,97
665,Super Mario Odyssey,183,04,2020,519976,11318,58909,35,1191,723,15,45.94,2017-10-27,97
666,Super Mario Odyssey,194,05,2020,543706,14098,6847,45,1487,731,18,38.57,2017-10-27,97
667,Super Mario Odyssey,193,06,2020,507233,14773,11881,45,1539,705,20,34.34,2017-10-27,97
668,Super Mario Odyssey,176,08,2020,610749,14786,100558,46,1598,822,19,41.31,2017-10-27,97
669,Super Mario Odyssey,154,01,2021,883430,21314,62814,69,2407,1189,28,41.45,2017-10-27,97
670,Super Mario Odyssey,161,03,2021,1083832,21114,62915,105,2519,1458,28,51.33,2017-10-27,97
671,Super Mario Odyssey,150,05,2021,1110814,18183,34364,54,2089,1495,24,61.09,2017-10-27,97
672,Super Mario Odyssey,185,06,2021,768691,15817,26801,53,1932,1069,21,48.6,2017-10-27,97
673,Super Mario Odyssey,184,07,2021,795648,16545,110002,58,1993,1070,22,48.09,2017-10-27,97
674,Super Smash Bros. Ultimate,167,11,2018,304675,2051,15703,342,687,423,2,148.55,2018-12-07,92
675,Super Smash Bros. Ultimate,8,12,2018,24333134,343187,226029,3619,33515,32749,461,70.9,2018-12-07,92
676,Super Smash Bros. Ultimate,19,01,2019,9942131,200867,91878,690,22367,13381,270,49.5,2018-12-07,92
677,Super Smash Bros. Ultimate,17,02,2019,7933050,116308,168665,462,14256,11822,173,68.21,2018-12-07,92
678,Super Smash Bros. Ultimate,25,03,2019,5628744,116735,77985,439,13048,7575,157,48.22,2018-12-07,92
679,Super Smash Bros. Ultimate,29,04,2019,4485192,107443,64983,771,13277,6238,149,41.74,2018-12-07,92
680,Super Smash Bros. Ultimate,36,05,2019,3240713,88336,47739,298,10529,4361,118,36.69,2018-12-07,92
681,Super Smash Bros. Ultimate,37,06,2019,3194698,86232,68873,295,10647,4443,119,37.05,2018-12-07,92
682,Super Smash Bros. Ultimate,38,07,2019,3097307,83973,51242,799,10431,4168,113,36.88,2018-12-07,92
683,Super Smash Bros. Ultimate,21,08,2019,5448489,86520,271926,383,10774,7333,116,62.97,2018-12-07,92
684,Super Smash Bros. Ultimate,33,09,2019,3829217,85212,47102,755,11081,5325,118,44.94,2018-12-07,92
685,Super Smash Bros. Ultimate,29,10,2019,4104082,79426,53340,281,9049,5523,106,51.67,2018-12-07,92
686,Super Smash Bros. Ultimate,42,11,2019,2833532,84168,62859,580,10664,3940,117,33.67,2018-12-07,92
687,Super Smash Bros. Ultimate,46,12,2019,2553222,75151,52875,258,9267,3436,101,33.97,2018-12-07,92
688,Super Smash Bros. Ultimate,28,01,2020,4948523,100384,116071,996,12179,6660,135,49.3,2018-12-07,92
689,Super Smash Bros. Ultimate,35,02,2020,3881729,94803,115046,403,11241,5585,136,40.95,2018-12-07,92
690,Super Smash Bros. Ultimate,45,03,2020,3068824,104674,40498,358,12335,4130,140,29.32,2018-12-07,92
691,Super Smash Bros. Ultimate,54,04,2020,3010574,118731,32451,403,11239,4187,165,25.36,2018-12-07,92
692,Super Smash Bros. Ultimate,51,05,2020,3519278,132921,38697,430,12123,4736,178,26.48,2018-12-07,92
693,Super Smash Bros. Ultimate,53,06,2020,2923933,130253,84802,1627,12885,4066,181,22.45,2018-12-07,92
694,Super Smash Bros. Ultimate,66,07,2020,2583270,136117,14704,532,13564,3476,183,18.98,2018-12-07,92
695,Super Smash Bros. Ultimate,68,08,2020,2320319,128417,17072,440,12453,3122,172,18.07,2018-12-07,92
696,Super Smash Bros. Ultimate,80,09,2020,1793382,110907,33496,417,11649,2494,154,16.17,2018-12-07,92
697,Super Smash Bros. Ultimate,70,10,2020,2565729,135074,61183,2165,15301,3453,181,18.99,2018-12-07,92
698,Super Smash Bros. Ultimate,76,11,2020,2160860,114804,65023,439,12154,3005,159,18.82,2018-12-07,92
699,Super Smash Bros. Ultimate,65,12,2020,2999020,144718,107534,1459,16888,4036,194,20.72,2018-12-07,92
700,Super Smash Bros. Ultimate,82,01,2021,2380637,148042,25340,518,16204,3204,199,16.08,2018-12-07,92
701,Super Smash Bros. Ultimate,81,02,2021,2195510,132540,28661,946,14800,3271,197,16.56,2018-12-07,92
702,Super Smash Bros. Ultimate,66,03,2021,3327446,165987,47370,1731,19143,4478,223,20.05,2018-12-07,92
703,Super Smash Bros. Ultimate,82,04,2021,2755980,137380,57438,460,14923,3833,191,20.06,2018-12-07,92
704,Super Smash Bros. Ultimate,74,05,2021,3076556,132283,48839,434,14388,4140,178,23.26,2018-12-07,92
705,Super Smash Bros. Ultimate,75,06,2021,2806439,122918,42007,1297,14544,3903,170,22.83,2018-12-07,92
706,Super Smash Bros. Ultimate,89,07,2021,2203930,118354,27408,485,14504,2966,159,18.62,2018-12-07,92
707,Super Smash Bros. Ultimate,56,08,2021,4760960,105643,104514,334,12455,6407,142,45.07,2018-12-07,92
708,Super Smash Bros. Ultimate,63,09,2021,3636507,100594,84812,469,11924,5057,139,36.15,2018-12-07,92
709,The Last of Us Part II,12,06,2020,29527085,491159,508463,5893,68587,41066,683,60.12,2020-06-19,93
710,The Last of Us Part II,57,07,2020,3435115,189335,30007,942,31673,4623,254,18.14,2020-06-19,93
711,The Last of Us Part II,155,08,2020,771577,55019,16646,176,10871,1038,74,14.02,2020-06-19,93
712,The Last of Us Part II,195,09,2020,536782,37757,4036,135,6833,746,52,14.22,2020-06-19,93
713,The Last of Us Part II,186,05,2021,866804,69692,44425,203,7432,1166,93,12.44,2020-06-19,93
714,The Legend of Zelda: Breath of the Wild,7,03,2017,14298988,233071,148409,1408,11788,19244,313,61.35,2017-03-03,96
715,The Legend of Zelda: Breath of the Wild,36,04,2017,1815216,58134,18123,210,4928,2524,80,31.22,2017-03-03,96
716,The Legend of Zelda: Breath of the Wild,57,05,2017,861775,34613,14500,105,3737,1159,46,24.9,2017-03-03,96
717,The Legend of Zelda: Breath of the Wild,69,06,2017,685139,29321,8703,200,3270,952,40,23.37,2017-03-03,96
718,The Legend of Zelda: Breath of the Wild,56,07,2017,1199068,40991,188399,199,4432,1613,55,29.25,2017-03-03,96
719,The Legend of Zelda: Breath of the Wild,112,08,2017,418246,26357,5890,75,2711,562,35,15.87,2017-03-03,96
720,The Legend of Zelda: Breath of the Wild,76,09,2017,635923,21851,31713,71,2373,884,30,29.1,2017-03-03,96
721,The Legend of Zelda: Breath of the Wild,116,10,2017,339551,20160,3104,61,2234,457,27,16.84,2017-03-03,96
722,The Legend of Zelda: Breath of the Wild,138,11,2017,277869,18589,5014,57,2073,386,25,14.95,2017-03-03,96
723,The Legend of Zelda: Breath of the Wild,59,12,2017,1140005,40939,39020,245,4541,1534,55,27.85,2017-03-03,96
724,The Legend of Zelda: Breath of the Wild,45,01,2018,1822513,43692,191576,125,4401,2452,58,41.71,2017-03-03,96
725,The Legend of Zelda: Breath of the Wild,72,02,2018,721222,35877,6330,95,3371,1074,53,20.1,2017-03-03,96
726,The Legend of Zelda: Breath of the Wild,84,03,2018,725860,33859,8344,89,3439,976,45,21.44,2017-03-03,96
727,The Legend of Zelda: Breath of the Wild,70,04,2018,856876,29936,10239,78,2910,1191,41,28.62,2017-03-03,96
728,The Legend of Zelda: Breath of the Wild,109,05,2018,514230,26288,4440,74,2650,692,35,19.56,2017-03-03,96
729,The Legend of Zelda: Breath of the Wild,158,06,2018,346015,23436,3677,63,2601,481,32,14.76,2017-03-03,96
730,The Legend of Zelda: Breath of the Wild,93,07,2018,774634,25399,14228,69,2797,1042,34,30.5,2017-03-03,96
731,The Legend of Zelda: Breath of the Wild,113,08,2018,531082,24624,8656,72,2557,714,33,21.57,2017-03-03,96
732,The Legend of Zelda: Breath of the Wild,128,09,2018,440777,21597,15213,67,2346,613,30,20.41,2017-03-03,96
733,The Legend of Zelda: Breath of the Wild,151,10,2018,347904,20022,7521,54,2219,468,26,17.38,2017-03-03,96
734,The Legend of Zelda: Breath of the Wild,154,11,2018,355614,22300,4626,64,2561,494,31,15.95,2017-03-03,96
735,The Legend of Zelda: Breath of the Wild,114,12,2018,604695,26620,7724,84,3131,813,35,22.72,2017-03-03,96
736,The Legend of Zelda: Breath of the Wild,75,01,2019,1223545,42948,23728,114,4150,1646,57,28.49,2017-03-03,96
737,The Legend of Zelda: Breath of the Wild,113,02,2019,595445,30919,7383,100,3087,887,46,19.26,2017-03-03,96
738,The Legend of Zelda: Breath of the Wild,92,03,2019,838446,38894,13351,112,3830,1128,52,21.56,2017-03-03,96
739,The Legend of Zelda: Breath of the Wild,130,04,2019,535217,31120,10789,87,3215,744,43,17.2,2017-03-03,96
740,The Legend of Zelda: Breath of the Wild,134,05,2019,525579,29866,7183,77,3136,707,40,17.6,2017-03-03,96
741,The Legend of Zelda: Breath of the Wild,89,06,2019,957285,43513,134763,154,4841,1331,60,22,2017-03-03,96
742,The Legend of Zelda: Breath of the Wild,86,07,2019,798688,42033,19599,113,4250,1074,56,19,2017-03-03,96
743,The Legend of Zelda: Breath of the Wild,113,08,2019,525634,35802,5405,99,3513,707,48,14.68,2017-03-03,96
744,The Legend of Zelda: Breath of the Wild,123,09,2019,478589,26448,63594,78,2897,665,36,18.1,2017-03-03,96
745,The Legend of Zelda: Breath of the Wild,142,10,2019,421853,25010,7977,73,2581,567,33,16.87,2017-03-03,96
746,The Legend of Zelda: Breath of the Wild,140,11,2019,404895,21175,8986,63,2417,563,29,19.12,2017-03-03,96
747,The Legend of Zelda: Breath of the Wild,74,12,2019,1319520,27713,19758,79,2797,1775,37,47.61,2017-03-03,96
748,The Legend of Zelda: Breath of the Wild,122,01,2020,708584,38372,21242,96,3717,953,51,18.47,2017-03-03,96
749,The Legend of Zelda: Breath of the Wild,90,02,2020,963652,37557,17728,115,3791,1386,54,25.66,2017-03-03,96
750,The Legend of Zelda: Breath of the Wild,83,03,2020,1292601,45662,15856,135,4781,1739,61,28.31,2017-03-03,96
751,The Legend of Zelda: Breath of the Wild,63,04,2020,2247183,51479,17375,122,4370,3125,71,43.65,2017-03-03,96
752,The Legend of Zelda: Breath of the Wild,82,05,2020,2006344,60070,27416,151,5193,2700,80,33.4,2017-03-03,96
753,The Legend of Zelda: Breath of the Wild,88,06,2020,1447766,55687,21415,146,5128,2013,77,26,2017-03-03,96
754,The Legend of Zelda: Breath of the Wild,107,07,2020,1270040,57887,17644,138,5348,1709,77,21.94,2017-03-03,96
755,The Legend of Zelda: Breath of the Wild,113,08,2020,1148035,54416,100489,135,5273,1545,73,21.1,2017-03-03,96
756,The Legend of Zelda: Breath of the Wild,126,09,2020,996122,59354,6229,162,6024,1385,82,16.78,2017-03-03,96
757,The Legend of Zelda: Breath of the Wild,128,10,2020,985418,51300,19799,152,5132,1326,69,19.21,2017-03-03,96
758,The Legend of Zelda: Breath of the Wild,139,11,2020,954697,58117,15699,166,5612,1327,80,16.43,2017-03-03,96
759,The Legend of Zelda: Breath of the Wild,136,12,2020,1014975,56336,55161,161,5636,1366,75,18.02,2017-03-03,96
760,The Legend of Zelda: Breath of the Wild,102,01,2021,1597038,76422,50615,185,7188,2149,102,20.9,2017-03-03,96
761,The Legend of Zelda: Breath of the Wild,70,02,2021,2726005,76021,32253,217,7761,4062,113,35.86,2017-03-03,96
762,The Legend of Zelda: Breath of the Wild,107,03,2021,1811429,93397,14945,254,9115,2437,125,19.39,2017-03-03,96
763,The Legend of Zelda: Breath of the Wild,94,04,2021,2223515,79537,40813,195,7756,3092,110,27.96,2017-03-03,96
764,The Legend of Zelda: Breath of the Wild,142,05,2021,1166514,70545,31793,188,7238,1570,94,16.54,2017-03-03,96
765,The Legend of Zelda: Breath of the Wild,130,06,2021,1250539,78549,9803,212,8417,1739,109,15.92,2017-03-03,96
766,The Legend of Zelda: Breath of the Wild,129,07,2021,1318638,73406,85533,207,7694,1774,98,17.96,2017-03-03,96
767,The Legend of Zelda: Breath of the Wild,97,08,2021,2392911,64932,31468,149,6504,3220,87,36.85,2017-03-03,96
768,The Legend of Zelda: Breath of the Wild,141,09,2021,1094339,56803,7996,150,5702,1522,79,19.27,2017-03-03,96
769,Uncharted 4: A Thief's End,15,05,2016,4556066,140927,102374,739,39491,6131,189,32.33,2016-05-10,93
770,Uncharted 4: A Thief's End,45,06,2016,934746,72127,17791,258,13962,1300,100,12.96,2016-05-10,93
771,Uncharted 4: A Thief's End,114,07,2016,300906,48282,8809,133,9159,404,64,6.23,2016-05-10,93
772,Uncharted 4: A Thief's End,156,08,2016,153183,35352,5388,91,6523,206,47,4.33,2016-05-10,93
773,Uncharted 4: A Thief's End,134,09,2016,158572,27218,4930,77,5420,220,37,5.83,2016-05-10,93
774,Uncharted 4: A Thief's End,139,12,2016,232933,35292,4557,124,1125,313,47,6.6,2016-05-10,93
775,Uncharted 4: A Thief's End,192,04,2017,129993,21675,1665,65,3110,180,30,6,2016-05-10,93
776,Uncharted 4: A Thief's End,171,06,2017,166236,20712,6514,63,4261,231,28,8.03,2016-05-10,93
777,Uncharted 4: A Thief's End,157,08,2017,234356,20074,11747,60,3796,315,27,11.67,2016-05-10,93
778,What Remains of Edith Finch,186,04,2017,134691,769,45323,26,271,187,1,175.15,2017-04-25,88
779,What Remains of Edith Finch,125,05,2017,280354,2395,15557,16,1066,377,3,117.06,2017-04-25,88
